
/*USUARIOS*/
insert into USUARIO(id_USUARIO, nombre, apellido, login, password,
fecha_creacion, usr_creacion, fecha_ult_modificacion, usr_ult_modificacion, activo)
values(1, 'Esphora', 'Esphora', 'esphora', '827dba5b4a9d5adf037ad6db9e1ff88f',
sysdate, 1, sysdate, 1, 'S');

/*TIPOS DE DOCUMENTO*/
insert into TIPO_DOCUMENTO(id_TIPO_DOCUMENTO, descripcion, cod_doc_afip,
fecha_creacion, usr_creacion, fecha_ult_modificacion, usr_ult_modificacion, activo)
values(0, 'NO INFORMADO', 'XX',
sysdate, 1, sysdate, 1, 'N');

insert into TIPO_DOCUMENTO(id_TIPO_DOCUMENTO, descripcion, cod_doc_afip,
fecha_creacion, usr_creacion, fecha_ult_modificacion, usr_ult_modificacion, activo)
values(1, 'CUIT', '80',
sysdate, 1, sysdate, 1, 'S');

insert into TIPO_DOCUMENTO(id_TIPO_DOCUMENTO, descripcion, cod_doc_afip,
fecha_creacion, usr_creacion, fecha_ult_modificacion, usr_ult_modificacion, activo)
values(2, 'CUIL', '86',
sysdate, 1, sysdate, 1, 'S');

insert into TIPO_DOCUMENTO(id_TIPO_DOCUMENTO, descripcion, cod_doc_afip,
fecha_creacion, usr_creacion, fecha_ult_modificacion, usr_ult_modificacion, activo)
values(3, 'CDI', '87',
sysdate, 1, sysdate, 1, 'S');

insert into TIPO_DOCUMENTO(id_TIPO_DOCUMENTO, descripcion, cod_doc_afip,
fecha_creacion, usr_creacion, fecha_ult_modificacion, usr_ult_modificacion, activo)
values(4, 'LE', '89',
sysdate, 1, sysdate, 1, 'S');

insert into TIPO_DOCUMENTO(id_TIPO_DOCUMENTO, descripcion, cod_doc_afip,
fecha_creacion, usr_creacion, fecha_ult_modificacion, usr_ult_modificacion, activo)
values(5, 'LC', '90',
sysdate, 1, sysdate, 1, 'S');

insert into TIPO_DOCUMENTO(id_TIPO_DOCUMENTO, descripcion, cod_doc_afip,
fecha_creacion, usr_creacion, fecha_ult_modificacion, usr_ult_modificacion, activo)
values(6, 'CI Extranjera', '91',
sysdate, 1, sysdate, 1, 'S');

insert into TIPO_DOCUMENTO(id_TIPO_DOCUMENTO, descripcion, cod_doc_afip,
fecha_creacion, usr_creacion, fecha_ult_modificacion, usr_ult_modificacion, activo)
values(7, 'En Tramite', '92',
sysdate, 1, sysdate, 1, 'S');

insert into TIPO_DOCUMENTO(id_TIPO_DOCUMENTO, descripcion, cod_doc_afip,
fecha_creacion, usr_creacion, fecha_ult_modificacion, usr_ult_modificacion, activo)
values(8, 'Acta Nacimiento', '93',
sysdate, 1, sysdate, 1, 'S');

insert into TIPO_DOCUMENTO(id_TIPO_DOCUMENTO, descripcion, cod_doc_afip,
fecha_creacion, usr_creacion, fecha_ult_modificacion, usr_ult_modificacion, activo)
values(9, 'CI Bs.As. RNP', '95',
sysdate, 1, sysdate, 1, 'S');

insert into TIPO_DOCUMENTO(id_TIPO_DOCUMENTO, descripcion, cod_doc_afip,
fecha_creacion, usr_creacion, fecha_ult_modificacion, usr_ult_modificacion, activo)
values(10, 'DNI', '96',
sysdate, 1, sysdate, 1, 'S');

insert into TIPO_DOCUMENTO(id_TIPO_DOCUMENTO, descripcion, cod_doc_afip,
fecha_creacion, usr_creacion, fecha_ult_modificacion, usr_ult_modificacion, activo)
values(11, 'Pasaporte', '94',
sysdate, 1, sysdate, 1, 'S');

insert into TIPO_DOCUMENTO(id_TIPO_DOCUMENTO, descripcion, cod_doc_afip,
fecha_creacion, usr_creacion, fecha_ult_modificacion, usr_ult_modificacion, activo)
values(12, 'CI Policia Federal', '00',
sysdate, 1, sysdate, 1, 'S');

insert into TIPO_DOCUMENTO(id_TIPO_DOCUMENTO, descripcion, cod_doc_afip,
fecha_creacion, usr_creacion, fecha_ult_modificacion, usr_ult_modificacion, activo)
values(13, 'CI Buenos Aires', '01',
sysdate, 1, sysdate, 1, 'S');

insert into TIPO_DOCUMENTO(id_TIPO_DOCUMENTO, descripcion, cod_doc_afip,
fecha_creacion, usr_creacion, fecha_ult_modificacion, usr_ult_modificacion, activo)
values(14, 'CI Mendoza', '07',
sysdate, 1, sysdate, 1, 'S');

insert into TIPO_DOCUMENTO(id_TIPO_DOCUMENTO, descripcion, cod_doc_afip,
fecha_creacion, usr_creacion, fecha_ult_modificacion, usr_ult_modificacion, activo)
values(15, 'CI La Rioja', '08',
sysdate, 1, sysdate, 1, 'S');

insert into TIPO_DOCUMENTO(id_TIPO_DOCUMENTO, descripcion, cod_doc_afip,
fecha_creacion, usr_creacion, fecha_ult_modificacion, usr_ult_modificacion, activo)
values(16, 'CI Salta', '09',
sysdate, 1, sysdate, 1, 'S');

insert into TIPO_DOCUMENTO(id_TIPO_DOCUMENTO, descripcion, cod_doc_afip,
fecha_creacion, usr_creacion, fecha_ult_modificacion, usr_ult_modificacion, activo)
values(17, 'CI San Juan', '10',
sysdate, 1, sysdate, 1, 'S');

insert into TIPO_DOCUMENTO(id_TIPO_DOCUMENTO, descripcion, cod_doc_afip,
fecha_creacion, usr_creacion, fecha_ult_modificacion, usr_ult_modificacion, activo)
values(18, 'CI San Luis', '11',
sysdate, 1, sysdate, 1, 'S');

insert into TIPO_DOCUMENTO(id_TIPO_DOCUMENTO, descripcion, cod_doc_afip,
fecha_creacion, usr_creacion, fecha_ult_modificacion, usr_ult_modificacion, activo)
values(19, 'CI Santa FE', '12',
sysdate, 1, sysdate, 1, 'S');

insert into TIPO_DOCUMENTO(id_TIPO_DOCUMENTO, descripcion, cod_doc_afip,
fecha_creacion, usr_creacion, fecha_ult_modificacion, usr_ult_modificacion, activo)
values(20, 'CI Santiago del Estero', '13',
sysdate, 1, sysdate, 1, 'S');

insert into TIPO_DOCUMENTO(id_TIPO_DOCUMENTO, descripcion, cod_doc_afip,
fecha_creacion, usr_creacion, fecha_ult_modificacion, usr_ult_modificacion, activo)
values(21, 'CI Tucuman', '14',
sysdate, 1, sysdate, 1, 'S');

insert into TIPO_DOCUMENTO(id_TIPO_DOCUMENTO, descripcion, cod_doc_afip,
fecha_creacion, usr_creacion, fecha_ult_modificacion, usr_ult_modificacion, activo)
values(22, 'CI Chaco', '16',
sysdate, 1, sysdate, 1, 'S');

insert into TIPO_DOCUMENTO(id_TIPO_DOCUMENTO, descripcion, cod_doc_afip,
fecha_creacion, usr_creacion, fecha_ult_modificacion, usr_ult_modificacion, activo)
values(23, 'CI Chubut', '17',
sysdate, 1, sysdate, 1, 'S');

insert into TIPO_DOCUMENTO(id_TIPO_DOCUMENTO, descripcion, cod_doc_afip,
fecha_creacion, usr_creacion, fecha_ult_modificacion, usr_ult_modificacion, activo)
values(24, 'CI Formosa', '18',
sysdate, 1, sysdate, 1, 'S');

insert into TIPO_DOCUMENTO(id_TIPO_DOCUMENTO, descripcion, cod_doc_afip,
fecha_creacion, usr_creacion, fecha_ult_modificacion, usr_ult_modificacion, activo)
values(25, 'CI Misiones', '19',
sysdate, 1, sysdate, 1, 'S');

insert into TIPO_DOCUMENTO(id_TIPO_DOCUMENTO, descripcion, cod_doc_afip,
fecha_creacion, usr_creacion, fecha_ult_modificacion, usr_ult_modificacion, activo)
values(26, 'CI Neuquen', '20',
sysdate, 1, sysdate, 1, 'S');

/*PAISES*/
insert into PAIS(id_PAIS, descripcion,
fecha_creacion, usr_creacion, fecha_ult_modificacion, usr_ult_modificacion, activo)
values(0, 'NO INFORMADO',
sysdate, 1, sysdate, 1, 'N');

insert into PAIS(id_PAIS, descripcion,
fecha_creacion, usr_creacion, fecha_ult_modificacion, usr_ult_modificacion, activo)
values(1, 'Argentina',
sysdate, 1, sysdate, 1, 'S');

insert into PAIS(id_PAIS, descripcion,
fecha_creacion, usr_creacion, fecha_ult_modificacion, usr_ult_modificacion, activo)
values(2, 'Ecuador',
sysdate, 1, sysdate, 1, 'S');


/*PROVINCIAS*/
insert into PROVINCIA(id_PROVINCIA, id_PAIS, descripcion,
fecha_creacion, usr_creacion, fecha_ult_modificacion, usr_ult_modificacion, activo)
values(0, 0, 'NO INFORMADO',
sysdate, 1, sysdate, 1, 'N');

insert into PROVINCIA(id_PROVINCIA, id_PAIS, descripcion,
fecha_creacion, usr_creacion, fecha_ult_modificacion, usr_ult_modificacion, activo)
values(1, 1, 'Capital Federal',
sysdate, 1, sysdate, 1, 'S');

insert into PROVINCIA(id_PROVINCIA, id_PAIS, descripcion,
fecha_creacion, usr_creacion, fecha_ult_modificacion, usr_ult_modificacion, activo)
values(2, 1, 'Buenos Aires',
sysdate, 1, sysdate, 1, 'S');

insert into PROVINCIA(id_PROVINCIA, id_PAIS, descripcion,
fecha_creacion, usr_creacion, fecha_ult_modificacion, usr_ult_modificacion, activo)
values(3, 1, 'Catamarca',
sysdate, 1, sysdate, 1, 'S');

insert into PROVINCIA(id_PROVINCIA, id_PAIS, descripcion,
fecha_creacion, usr_creacion, fecha_ult_modificacion, usr_ult_modificacion, activo)
values(4, 1, 'Chaco',
sysdate, 1, sysdate, 1, 'S');

insert into PROVINCIA(id_PROVINCIA, id_PAIS, descripcion,
fecha_creacion, usr_creacion, fecha_ult_modificacion, usr_ult_modificacion, activo)
values(5, 1, 'Chubut',
sysdate, 1, sysdate, 1, 'S');

insert into PROVINCIA(id_PROVINCIA, id_PAIS, descripcion,
fecha_creacion, usr_creacion, fecha_ult_modificacion, usr_ult_modificacion, activo)
values(6, 1, 'Cordoba',
sysdate, 1, sysdate, 1, 'S');

insert into PROVINCIA(id_PROVINCIA, id_PAIS, descripcion,
fecha_creacion, usr_creacion, fecha_ult_modificacion, usr_ult_modificacion, activo)
values(7, 1, 'Corrientes',
sysdate, 1, sysdate, 1, 'S');

insert into PROVINCIA(id_PROVINCIA, id_PAIS, descripcion,
fecha_creacion, usr_creacion, fecha_ult_modificacion, usr_ult_modificacion, activo)
values(8, 1, 'Entre Rios',
sysdate, 1, sysdate, 1, 'S');

insert into PROVINCIA(id_PROVINCIA, id_PAIS, descripcion,
fecha_creacion, usr_creacion, fecha_ult_modificacion, usr_ult_modificacion, activo)
values(9, 1, 'Formosa',
sysdate, 1, sysdate, 1, 'S');

insert into PROVINCIA(id_PROVINCIA, id_PAIS, descripcion,
fecha_creacion, usr_creacion, fecha_ult_modificacion, usr_ult_modificacion, activo)
values(10, 1, 'Jujuy',
sysdate, 1, sysdate, 1, 'S');

insert into PROVINCIA(id_PROVINCIA, id_PAIS, descripcion,
fecha_creacion, usr_creacion, fecha_ult_modificacion, usr_ult_modificacion, activo)
values(11, 1, 'La Pampa',
sysdate, 1, sysdate, 1, 'S');

insert into PROVINCIA(id_PROVINCIA, id_PAIS, descripcion,
fecha_creacion, usr_creacion, fecha_ult_modificacion, usr_ult_modificacion, activo)
values(12, 1, 'La Rioja',
sysdate, 1, sysdate, 1, 'S');

insert into PROVINCIA(id_PROVINCIA, id_PAIS, descripcion,
fecha_creacion, usr_creacion, fecha_ult_modificacion, usr_ult_modificacion, activo)
values(13, 1, 'Mendoza',
sysdate, 1, sysdate, 1, 'S');

insert into PROVINCIA(id_PROVINCIA, id_PAIS, descripcion,
fecha_creacion, usr_creacion, fecha_ult_modificacion, usr_ult_modificacion, activo)
values(14, 1, 'Misiones',
sysdate, 1, sysdate, 1, 'S');

insert into PROVINCIA(id_PROVINCIA, id_PAIS, descripcion,
fecha_creacion, usr_creacion, fecha_ult_modificacion, usr_ult_modificacion, activo)
values(15, 1, 'Neuquen',
sysdate, 1, sysdate, 1, 'S');

insert into PROVINCIA(id_PROVINCIA, id_PAIS, descripcion,
fecha_creacion, usr_creacion, fecha_ult_modificacion, usr_ult_modificacion, activo)
values(16, 1, 'Rio Negro',
sysdate, 1, sysdate, 1, 'S');

insert into PROVINCIA(id_PROVINCIA, id_PAIS, descripcion,
fecha_creacion, usr_creacion, fecha_ult_modificacion, usr_ult_modificacion, activo)
values(17, 1, 'Salta',
sysdate, 1, sysdate, 1, 'S');

insert into PROVINCIA(id_PROVINCIA, id_PAIS, descripcion,
fecha_creacion, usr_creacion, fecha_ult_modificacion, usr_ult_modificacion, activo)
values(18, 1, 'San Juan',
sysdate, 1, sysdate, 1, 'S');

insert into PROVINCIA(id_PROVINCIA, id_PAIS, descripcion,
fecha_creacion, usr_creacion, fecha_ult_modificacion, usr_ult_modificacion, activo)
values(19, 1, 'San Luis',
sysdate, 1, sysdate, 1, 'S');

insert into PROVINCIA(id_PROVINCIA, id_PAIS, descripcion,
fecha_creacion, usr_creacion, fecha_ult_modificacion, usr_ult_modificacion, activo)
values(20, 1, 'Santa Cruz',
sysdate, 1, sysdate, 1, 'S');

insert into PROVINCIA(id_PROVINCIA, id_PAIS, descripcion,
fecha_creacion, usr_creacion, fecha_ult_modificacion, usr_ult_modificacion, activo)
values(21, 1, 'Santa Fe',
sysdate, 1, sysdate, 1, 'S');

insert into PROVINCIA(id_PROVINCIA, id_PAIS, descripcion,
fecha_creacion, usr_creacion, fecha_ult_modificacion, usr_ult_modificacion, activo)
values(22, 1, 'Santiago del Estero',
sysdate, 1, sysdate, 1, 'S');

insert into PROVINCIA(id_PROVINCIA, id_PAIS, descripcion,
fecha_creacion, usr_creacion, fecha_ult_modificacion, usr_ult_modificacion, activo)
values(23, 1, 'Tierra del Fuego',
sysdate, 1, sysdate, 1, 'S');

insert into PROVINCIA(id_PROVINCIA, id_PAIS, descripcion,
fecha_creacion, usr_creacion, fecha_ult_modificacion, usr_ult_modificacion, activo)
values(24, 1, 'Tucuman',
sysdate, 1, sysdate, 1, 'S');

insert into PROVINCIA(id_PROVINCIA, id_PAIS, descripcion,
fecha_creacion, usr_creacion, fecha_ult_modificacion, usr_ult_modificacion, activo)
values(25, 2, 'Pichincha',
sysdate, 1, sysdate, 1, 'S');

insert into PROVINCIA(id_PROVINCIA, id_PAIS, descripcion,
fecha_creacion, usr_creacion, fecha_ult_modificacion, usr_ult_modificacion, activo)
values(26, 2, 'Guayas',
sysdate, 1, sysdate, 1, 'S');

/*EMPRESAS*/
insert into EMPRESA (id_EMPRESA, id_TIPO_DOCUMENTO, nro_documento, nombre, calle, numero, piso, departamento, codigo_postal, ciudad, id_PROVINCIA, id_PAIS, telefono,
fecha_creacion, usr_creacion, fecha_ult_modificacion, usr_ult_modificacion, activo)
values(0, 0, 0, 'NO INFORMADO', ' ', 0, 0, ' ', 0, ' ', 0, 0, ' ',
sysdate, 1, sysdate, 1, 'N');


insert into EMPRESA (id_EMPRESA, id_TIPO_DOCUMENTO, nro_documento, nombre, calle, numero, piso, departamento, codigo_postal, ciudad, id_PROVINCIA, id_PAIS, telefono,
fecha_creacion, usr_creacion, fecha_ult_modificacion, usr_ult_modificacion, activo)
values(1, 0, 0, 'Esphora', ' ', 0, 0, ' ', 0, ' ', 0, 0, ' ',
sysdate, 1, sysdate, 1, 'S');

/*ROLES*/
insert into ROL(id_ROL, descripcion,
fecha_creacion, usr_creacion, fecha_ult_modificacion, usr_ult_modificacion, activo)
values(0, 'NO INFORMADO',
sysdate, 1, sysdate, 1, 'N');

insert into ROL(id_ROL, descripcion,
fecha_creacion, usr_creacion, fecha_ult_modificacion, usr_ult_modificacion, activo)
values(1, 'Super Usuario',
sysdate, 1, sysdate, 1, 'S');

insert into USUARIO_ROL_EMPRESA(id_USUARIO, id_ROL, id_EMPRESA,
fecha_creacion, usr_creacion, fecha_ult_modificacion, usr_ult_modificacion, activo)
values(1, 1, 1,
sysdate, 1, sysdate, 1, 'S');

/*MODULOS*/
insert into MODULO (id_MODULO, nombre, nombre_corto,
fecha_creacion, usr_creacion, fecha_ult_modificacion, usr_ult_modificacion, activo)
values(1, 'Administrador', 'ADMIN',
sysdate, 1, sysdate, 1, 'S');

insert into MODULO (id_MODULO, nombre, nombre_corto,
fecha_creacion, usr_creacion, fecha_ult_modificacion, usr_ult_modificacion, activo)
values(2, 'Facturacion', 'FACT',
sysdate, 1, sysdate, 1, 'S');

insert into MODULO (id_MODULO, nombre, nombre_corto,
fecha_creacion, usr_creacion, fecha_ult_modificacion, usr_ult_modificacion, activo)
values(3, 'Procesos AFIP', 'AFIP',
sysdate, 1, sysdate, 1, 'S');

/*LICENCIAS*/
insert into LICENCIA (id_EMPRESA, id_MODULO, fecha_desde_validez, fecha_hasta_validez, clave,
fecha_creacion, usr_creacion, fecha_ult_modificacion, usr_ult_modificacion, activo)
values(1, 1, '20080101', '20081231', 'e50bf3b6b9fe1139c6432974e7b6687f',
sysdate, 1, sysdate, 1, 'S');

insert into LICENCIA (id_EMPRESA, id_MODULO, fecha_desde_validez, fecha_hasta_validez, clave,
fecha_creacion, usr_creacion, fecha_ult_modificacion, usr_ult_modificacion, activo)
values(1, 2, '20080101', '20081231', '356bba825692ddb8c5064bed9855e9e2',
sysdate, 1, sysdate, 1, 'S');

insert into LICENCIA (id_EMPRESA, id_MODULO, fecha_desde_validez, fecha_hasta_validez, clave,
fecha_creacion, usr_creacion, fecha_ult_modificacion, usr_ult_modificacion, activo)
values(1, 3, '20080101', '20081231', '73c2ed6f12e3ef0ef06f52b0a51bb5e2',
sysdate, 1, sysdate, 1, 'S');

/*FUNCIONES*/
insert into FUNCION(id_FUNCION, valor, descripcion, id_MODULO,
fecha_creacion, usr_creacion, fecha_ult_modificacion, usr_ult_modificacion, activo)
values(1, 'ABMUSUARIO', 'Usuarios', 1,
sysdate, 1, sysdate, 1, 'S');

insert into FUNCION(id_FUNCION, valor, descripcion, id_MODULO,
fecha_creacion, usr_creacion, fecha_ult_modificacion, usr_ult_modificacion, activo)
values(2, 'ABMROL', 'Roles', 1,
sysdate, 1, sysdate, 1, 'S');

insert into FUNCION(id_FUNCION, valor, descripcion, id_MODULO,
fecha_creacion, usr_creacion, fecha_ult_modificacion, usr_ult_modificacion, activo)
values(3, 'ABMEMPRESA', 'Empresas', 1,
sysdate, 1, sysdate, 1, 'S');

insert into FUNCION(id_FUNCION, valor, descripcion, id_MODULO,
fecha_creacion, usr_creacion, fecha_ult_modificacion, usr_ult_modificacion, activo)
values(4, 'ABMTIPOCOMPROBANTE', 'Tipos de Comprobante', 1,
sysdate, 1, sysdate, 1, 'S');

insert into FUNCION(id_FUNCION, valor, descripcion, id_MODULO,
fecha_creacion, usr_creacion, fecha_ult_modificacion, usr_ult_modificacion, activo)
values(5, 'ABMTIPODOCUMENTO', 'Tipos de Documento', 1,
sysdate, 1, sysdate, 1, 'S');

insert into FUNCION(id_FUNCION, valor, descripcion, id_MODULO,
fecha_creacion, usr_creacion, fecha_ult_modificacion, usr_ult_modificacion, activo)
values(6, 'ALTAFACTURA', 'Alta de Factura', 2,
sysdate, 1, sysdate, 1, 'S');

insert into FUNCION(id_FUNCION, valor, descripcion, id_MODULO,
fecha_creacion, usr_creacion, fecha_ult_modificacion, usr_ult_modificacion, activo)
values(7, 'ENVIOAFIP', 'Proceso de Aprobacion AFIP', 3,
sysdate, 1, sysdate, 1, 'S');

insert into FUNCION (id_FUNCION, valor, descripcion, id_MODULO,
fecha_creacion, usr_creacion, fecha_ult_modificacion, usr_ult_modificacion, activo)
values (8, 'ALTALOTE', 'Alta de Lote', 2,
sysdate, 1, sysdate, 1, 'S');

insert into FUNCION (id_FUNCION, valor, descripcion, id_MODULO,
fecha_creacion, usr_creacion, fecha_ult_modificacion, usr_ult_modificacion, activo)
values (9, 'ABMCLIENTES', 'Clientes', 2,
sysdate, 1, sysdate, 1, 'S');

insert into FUNCION (id_FUNCION, valor, descripcion, id_MODULO,
fecha_creacion, usr_creacion, fecha_ult_modificacion, usr_ult_modificacion, activo)
values (10, 'IMPORTARFACTURA', 'Importacion de Facturas', 2,
sysdate, 1, sysdate, 1, 'S');

insert into FUNCION (id_FUNCION, valor, descripcion, id_MODULO,
fecha_creacion, usr_creacion, fecha_ult_modificacion, usr_ult_modificacion, activo)
values (11, 'CONSULTAFACTURA', 'Consulta de Facturas', 2,
sysdate, 1, sysdate, 1, 'S');

insert into ROL_FUNCION(id_ROL, id_FUNCION,
fecha_creacion, usr_creacion, fecha_ult_modificacion, usr_ult_modificacion, activo)
select 1, id_FUNCION,
sysdate, 1, sysdate, 1, 'S'
from FUNCION;


/*PANTALLAS*/
insert into PANTALLA(id_PANTALLA, valor, descripcion,
fecha_creacion, usr_creacion, fecha_ult_modificacion, usr_ult_modificacion, activo)
values(1, 'LISTUSUARIO', 'Usuarios',
sysdate, 1, sysdate, 1, 'S');

insert into PANTALLA(id_PANTALLA, valor, descripcion,
fecha_creacion, usr_creacion, fecha_ult_modificacion, usr_ult_modificacion, activo)
values(2, 'EDITUSUARIO', 'Edicion de Usuarios',
sysdate, 1, sysdate, 1, 'S');

insert into PANTALLA(id_PANTALLA, valor, descripcion,
fecha_creacion, usr_creacion, fecha_ult_modificacion, usr_ult_modificacion, activo)
values(3, 'LISTROL', 'Roles',
sysdate, 1, sysdate, 1, 'S');

insert into PANTALLA(id_PANTALLA, valor, descripcion,
fecha_creacion, usr_creacion, fecha_ult_modificacion, usr_ult_modificacion, activo)
values(4, 'EDITROL', 'Edicion de Roles',
sysdate, 1, sysdate, 1, 'S');

insert into PANTALLA(id_PANTALLA, valor, descripcion,
fecha_creacion, usr_creacion, fecha_ult_modificacion, usr_ult_modificacion, activo)
values(5, 'LISTEMPRESA', 'Empresas',
sysdate, 1, sysdate, 1, 'S');

insert into PANTALLA(id_PANTALLA, valor, descripcion,
fecha_creacion, usr_creacion, fecha_ult_modificacion, usr_ult_modificacion, activo)
values(6, 'EDITEMPRESA', 'Edicion de Empresas',
sysdate, 1, sysdate, 1, 'S');

insert into PANTALLA(id_PANTALLA, valor, descripcion,
fecha_creacion, usr_creacion, fecha_ult_modificacion, usr_ult_modificacion, activo)
values(7, 'LISTTIPOCOMPROBANTE', 'Tipos de Comprobante',
sysdate, 1, sysdate, 1, 'S');

insert into PANTALLA(id_PANTALLA, valor, descripcion,
fecha_creacion, usr_creacion, fecha_ult_modificacion, usr_ult_modificacion, activo)
values(8, 'EDITTIPOCOMPROBANTE', 'Edicion de Tipos de Comprobante',
sysdate, 1, sysdate, 1, 'S');

insert into PANTALLA(id_PANTALLA, valor, descripcion,
fecha_creacion, usr_creacion, fecha_ult_modificacion, usr_ult_modificacion, activo)
values(9, 'LISTTIPODOCUMENTO', 'Tipos de Documento',
sysdate, 1, sysdate, 1, 'S');

insert into PANTALLA(id_PANTALLA, valor, descripcion,
fecha_creacion, usr_creacion, fecha_ult_modificacion, usr_ult_modificacion, activo)
values(10, 'EDITTIPODOCUMENTO', 'Edicion de Tipos de Documento',
sysdate, 1, sysdate, 1, 'S');

insert into PANTALLA(id_PANTALLA, valor, descripcion,
fecha_creacion, usr_creacion, fecha_ult_modificacion, usr_ult_modificacion, activo)
values(11, 'ALTAFACTURA', 'Alta de Factura',
sysdate, 1, sysdate, 1, 'S');

insert into PANTALLA(id_PANTALLA, valor, descripcion,
fecha_creacion, usr_creacion, fecha_ult_modificacion, usr_ult_modificacion, activo)
values(12, 'ENVIOAFIP', 'Proceso de Aprobacion AFIP',
sysdate, 1, sysdate, 1, 'S');

insert into FUNCION_PANTALLA(id_FUNCION, id_PANTALLA,
fecha_creacion, usr_creacion, fecha_ult_modificacion, usr_ult_modificacion, activo)
values(1,1,
sysdate, 1, sysdate, 1, 'S');

insert into FUNCION_PANTALLA(id_FUNCION, id_PANTALLA,
fecha_creacion, usr_creacion, fecha_ult_modificacion, usr_ult_modificacion, activo)
values(1,2,
sysdate, 1, sysdate, 1, 'S');

insert into FUNCION_PANTALLA(id_FUNCION, id_PANTALLA,
fecha_creacion, usr_creacion, fecha_ult_modificacion, usr_ult_modificacion, activo)
values(2,3,
sysdate, 1, sysdate, 1, 'S');

insert into FUNCION_PANTALLA(id_FUNCION, id_PANTALLA,
fecha_creacion, usr_creacion, fecha_ult_modificacion, usr_ult_modificacion, activo)
values(2,4,
sysdate, 1, sysdate, 1, 'S');

insert into FUNCION_PANTALLA(id_FUNCION, id_PANTALLA,
fecha_creacion, usr_creacion, fecha_ult_modificacion, usr_ult_modificacion, activo)
values(3,5,
sysdate, 1, sysdate, 1, 'S');

insert into FUNCION_PANTALLA(id_FUNCION, id_PANTALLA,
fecha_creacion, usr_creacion, fecha_ult_modificacion, usr_ult_modificacion, activo)
values(3,6,
sysdate, 1, sysdate, 1, 'S');

insert into FUNCION_PANTALLA(id_FUNCION, id_PANTALLA,
fecha_creacion, usr_creacion, fecha_ult_modificacion, usr_ult_modificacion, activo)
values(4,7,
sysdate, 1, sysdate, 1, 'S');

insert into FUNCION_PANTALLA(id_FUNCION, id_PANTALLA,
fecha_creacion, usr_creacion, fecha_ult_modificacion, usr_ult_modificacion, activo)
values(4,8,
sysdate, 1, sysdate, 1, 'S');

insert into FUNCION_PANTALLA(id_FUNCION, id_PANTALLA,
fecha_creacion, usr_creacion, fecha_ult_modificacion, usr_ult_modificacion, activo)
values(5,9,
sysdate, 1, sysdate, 1, 'S');

insert into FUNCION_PANTALLA(id_FUNCION, id_PANTALLA,
fecha_creacion, usr_creacion, fecha_ult_modificacion, usr_ult_modificacion, activo)
values(5,10,
sysdate, 1, sysdate, 1, 'S');

insert into FUNCION_PANTALLA(id_FUNCION, id_PANTALLA,
fecha_creacion, usr_creacion, fecha_ult_modificacion, usr_ult_modificacion, activo)
values(6,11,
sysdate, 1, sysdate, 1, 'S');

insert into FUNCION_PANTALLA(id_FUNCION, id_PANTALLA,
fecha_creacion, usr_creacion, fecha_ult_modificacion, usr_ult_modificacion, activo)
values(7,12,
sysdate, 1, sysdate, 1, 'S');


/*TIPOS DE COMPROBANTE*/
insert into TIPO_COMPROBANTE(id_tipo_comprobante, descripcion, cod_comprobante,
fecha_creacion, usr_creacion, fecha_ult_modificacion, usr_ult_modificacion, activo)
values (1, 'Facturas A', '01',
sysdate, 1, sysdate, 1, 'S');

insert into TIPO_COMPROBANTE(id_tipo_comprobante, descripcion, cod_comprobante,
fecha_creacion, usr_creacion, fecha_ult_modificacion, usr_ult_modificacion, activo)
values (2, 'Notas de Debito A', '02',
sysdate, 1, sysdate, 1, 'S');

insert into TIPO_COMPROBANTE(id_tipo_comprobante, descripcion, cod_comprobante,
fecha_creacion, usr_creacion, fecha_ult_modificacion, usr_ult_modificacion, activo)
values (3, 'Notas de Credito A', '03',
sysdate, 1, sysdate, 1, 'S');

insert into TIPO_COMPROBANTE(id_tipo_comprobante, descripcion, cod_comprobante,
fecha_creacion, usr_creacion, fecha_ult_modificacion, usr_ult_modificacion, activo)
values (4, 'Recibos A', '04',
sysdate, 1, sysdate, 1, 'S');

insert into TIPO_COMPROBANTE(id_tipo_comprobante, descripcion, cod_comprobante,
fecha_creacion, usr_creacion, fecha_ult_modificacion, usr_ult_modificacion, activo)
values (5, 'Notas de Venta al contado A', '05',
sysdate, 1, sysdate, 1, 'S');

insert into TIPO_COMPROBANTE(id_tipo_comprobante, descripcion, cod_comprobante,
fecha_creacion, usr_creacion, fecha_ult_modificacion, usr_ult_modificacion, activo)
values (6, 'Facturas B', '06',
sysdate, 1, sysdate, 1, 'S');

insert into TIPO_COMPROBANTE(id_tipo_comprobante, descripcion, cod_comprobante,
fecha_creacion, usr_creacion, fecha_ult_modificacion, usr_ult_modificacion, activo)
values (7, 'Notas de Debito B', '07',
sysdate, 1, sysdate, 1, 'S');

insert into TIPO_COMPROBANTE(id_tipo_comprobante, descripcion, cod_comprobante,
fecha_creacion, usr_creacion, fecha_ult_modificacion, usr_ult_modificacion, activo)
values (8, 'Notas de Credito B', '08',
sysdate, 1, sysdate, 1, 'S');

insert into TIPO_COMPROBANTE(id_tipo_comprobante, descripcion, cod_comprobante,
fecha_creacion, usr_creacion, fecha_ult_modificacion, usr_ult_modificacion, activo)
values (9, 'Recibos B', '09',
sysdate, 1, sysdate, 1, 'S');

insert into TIPO_COMPROBANTE(id_tipo_comprobante, descripcion, cod_comprobante,
fecha_creacion, usr_creacion, fecha_ult_modificacion, usr_ult_modificacion, activo)
values (10, 'Notas de Venta al contado B', '10',
sysdate, 1, sysdate, 1, 'S');

insert into TIPO_COMPROBANTE(id_tipo_comprobante, descripcion, cod_comprobante,
fecha_creacion, usr_creacion, fecha_ult_modificacion, usr_ult_modificacion, activo)
values (11, 'Otros comprobantes A que cumplan con la R.G. N 3419', '39',
sysdate, 1, sysdate, 1, 'S');

insert into TIPO_COMPROBANTE(id_tipo_comprobante, descripcion, cod_comprobante,
fecha_creacion, usr_creacion, fecha_ult_modificacion, usr_ult_modificacion, activo)
values (12, 'Otros comprobantes B que cumplan con la R.G. N 3419', '40',
sysdate, 1, sysdate, 1, 'S');

insert into TIPO_COMPROBANTE(id_tipo_comprobante, descripcion, cod_comprobante,
fecha_creacion, usr_creacion, fecha_ult_modificacion, usr_ult_modificacion, activo)
values (13, 'Cuenta de Venta y Liquido producto A', '60',
sysdate, 1, sysdate, 1, 'S');

insert into TIPO_COMPROBANTE(id_tipo_comprobante, descripcion, cod_comprobante,
fecha_creacion, usr_creacion, fecha_ult_modificacion, usr_ult_modificacion, activo)
values (14, 'Cuenta de Venta y Liquido producto B', '61',
sysdate, 1, sysdate, 1, 'S');

insert into TIPO_COMPROBANTE(id_tipo_comprobante, descripcion, cod_comprobante,
fecha_creacion, usr_creacion, fecha_ult_modificacion, usr_ult_modificacion, activo)
values (15, 'Liquidacion A', '63',
sysdate, 1, sysdate, 1, 'S');

insert into TIPO_COMPROBANTE(id_tipo_comprobante, descripcion, cod_comprobante,
fecha_creacion, usr_creacion, fecha_ult_modificacion, usr_ult_modificacion, activo)
values (16, 'Liquidacion B', '64',
sysdate, 1, sysdate, 1, 'S');



 INSERT INTO ESTADO_LOTE VALUES(1, 'NUEVO', sysdate, 1, sysdate, 1, 'S');
 INSERT INTO ESTADO_LOTE VALUES(2, 'CONSULTADO', sysdate, 1, sysdate, 1, 'S');
 INSERT INTO ESTADO_LOTE VALUES(3, 'ERROR', sysdate, 1, sysdate, 1, 'S');